analyzed-sentence-1.txt,Negative
analyzed-sentence-2.txt,Neutral
analyzed-sentence-3.txt,Negative
analyzed-sentence-4.txt,Negative
analyzed-sentence-5.txt,Neutral
analyzed-sentence-6.txt,Negative
analyzed-sentence-7.txt,Negative
analyzed-sentence-8.txt,Neutral
analyzed-sentence-9.txt,Negative
analyzed-sentence-10.txt,Negative
analyzed-sentence-11.txt,Negative
analyzed-sentence-12.txt,Negative
analyzed-sentence-13.txt,Negative
analyzed-sentence-14.txt,Neutral
analyzed-sentence-15.txt,Negative
analyzed-sentence-16.txt,Negative
analyzed-sentence-17.txt,Negative
analyzed-sentence-18.txt,Negative
analyzed-sentence-19.txt,Neutral
analyzed-sentence-20.txt,Positive
analyzed-sentence-21.txt,Negative
analyzed-sentence-22.txt,Neutral
analyzed-sentence-23.txt,Positive
analyzed-sentence-24.txt,Neutral
analyzed-sentence-25.txt,Negative
analyzed-sentence-26.txt,Negative
analyzed-sentence-27.txt,Neutral
analyzed-sentence-28.txt,Negative
analyzed-sentence-29.txt,Negative
analyzed-sentence-30.txt,Negative
analyzed-sentence-31.txt,Neutral
analyzed-sentence-32.txt,Negative
analyzed-sentence-33.txt,Negative
analyzed-sentence-34.txt,Negative
analyzed-sentence-35.txt,Neutral
analyzed-sentence-36.txt,Negative
analyzed-sentence-37.txt,Negative
analyzed-sentence-38.txt,Negative
analyzed-sentence-39.txt,Neutral
analyzed-sentence-40.txt,Neutral
analyzed-sentence-41.txt,Negative
analyzed-sentence-42.txt,Negative
analyzed-sentence-43.txt,Negative
analyzed-sentence-44.txt,Neutral
analyzed-sentence-45.txt,Negative
analyzed-sentence-46.txt,Neutral
analyzed-sentence-47.txt,Negative
analyzed-sentence-48.txt,Negative
analyzed-sentence-49.txt,Neutral
analyzed-sentence-50.txt,Negative
analyzed-sentence-51.txt,Neutral
analyzed-sentence-52.txt,Neutral
analyzed-sentence-53.txt,Negative
analyzed-sentence-54.txt,Neutral
analyzed-sentence-55.txt,Neutral
analyzed-sentence-56.txt,Neutral
analyzed-sentence-57.txt,Neutral
analyzed-sentence-58.txt,Negative
analyzed-sentence-59.txt,Negative
analyzed-sentence-60.txt,Negative
analyzed-sentence-61.txt,Negative
analyzed-sentence-62.txt,Negative
analyzed-sentence-63.txt,Negative
analyzed-sentence-64.txt,Negative
analyzed-sentence-65.txt,Neutral
analyzed-sentence-66.txt,Neutral
analyzed-sentence-67.txt,Neutral
analyzed-sentence-68.txt,Negative
analyzed-sentence-69.txt,Neutral
analyzed-sentence-70.txt,Neutral
analyzed-sentence-71.txt,Negative
analyzed-sentence-72.txt,Negative
analyzed-sentence-73.txt,Negative
analyzed-sentence-74.txt,Negative
analyzed-sentence-75.txt,Negative
analyzed-sentence-76.txt,Negative
analyzed-sentence-77.txt,Neutral
analyzed-sentence-78.txt,Negative
analyzed-sentence-79.txt,Negative
analyzed-sentence-80.txt,Negative
analyzed-sentence-81.txt,Negative
analyzed-sentence-82.txt,Negative
analyzed-sentence-83.txt,Negative
analyzed-sentence-84.txt,Negative
analyzed-sentence-85.txt,Positive
analyzed-sentence-86.txt,Neutral
analyzed-sentence-87.txt,Negative
analyzed-sentence-88.txt,Negative
analyzed-sentence-89.txt,Negative
analyzed-sentence-90.txt,Negative
analyzed-sentence-91.txt,Negative
analyzed-sentence-92.txt,Positive
analyzed-sentence-93.txt,Neutral
analyzed-sentence-94.txt,Negative
analyzed-sentence-95.txt,Negative
analyzed-sentence-96.txt,Negative
analyzed-sentence-97.txt,Neutral
analyzed-sentence-98.txt,Negative
analyzed-sentence-99.txt,Negative
analyzed-sentence-100.txt,Negative
analyzed-sentence-101.txt,Negative
analyzed-sentence-102.txt,Negative
analyzed-sentence-103.txt,Negative
analyzed-sentence-104.txt,Negative
analyzed-sentence-105.txt,Neutral
analyzed-sentence-106.txt,Neutral
analyzed-sentence-107.txt,Negative
analyzed-sentence-108.txt,Negative
analyzed-sentence-109.txt,Negative
analyzed-sentence-110.txt,Neutral
analyzed-sentence-111.txt,Neutral
analyzed-sentence-112.txt,Neutral
analyzed-sentence-113.txt,Negative
analyzed-sentence-114.txt,Positive
analyzed-sentence-115.txt,Negative
analyzed-sentence-116.txt,Negative
analyzed-sentence-117.txt,Positive
analyzed-sentence-118.txt,Negative
analyzed-sentence-119.txt,Negative
analyzed-sentence-120.txt,Negative
analyzed-sentence-121.txt,Negative
analyzed-sentence-122.txt,Negative
analyzed-sentence-123.txt,Negative
analyzed-sentence-124.txt,Negative
analyzed-sentence-125.txt,Negative
analyzed-sentence-126.txt,Negative
analyzed-sentence-127.txt,Negative
analyzed-sentence-128.txt,Negative
analyzed-sentence-129.txt,Neutral
analyzed-sentence-130.txt,Neutral
analyzed-sentence-131.txt,Neutral
analyzed-sentence-132.txt,Neutral
analyzed-sentence-133.txt,Neutral
analyzed-sentence-134.txt,Neutral
analyzed-sentence-135.txt,Neutral
analyzed-sentence-136.txt,Negative
analyzed-sentence-137.txt,Negative
analyzed-sentence-138.txt,Negative
analyzed-sentence-139.txt,Negative
analyzed-sentence-140.txt,Neutral
analyzed-sentence-141.txt,Negative
analyzed-sentence-142.txt,Negative
analyzed-sentence-143.txt,Neutral
analyzed-sentence-144.txt,Neutral
analyzed-sentence-145.txt,Neutral
analyzed-sentence-146.txt,Neutral
analyzed-sentence-147.txt,Neutral
analyzed-sentence-148.txt,Negative
analyzed-sentence-149.txt,Negative
analyzed-sentence-150.txt,Negative
analyzed-sentence-151.txt,Neutral
analyzed-sentence-152.txt,Negative
analyzed-sentence-153.txt,Negative
analyzed-sentence-154.txt,Negative
analyzed-sentence-155.txt,Neutral
analyzed-sentence-156.txt,Neutral
analyzed-sentence-157.txt,Neutral
analyzed-sentence-158.txt,Negative
analyzed-sentence-159.txt,Negative
analyzed-sentence-160.txt,Neutral
analyzed-sentence-161.txt,Negative
analyzed-sentence-162.txt,Negative
analyzed-sentence-163.txt,Neutral
analyzed-sentence-164.txt,Negative
analyzed-sentence-165.txt,Positive
analyzed-sentence-166.txt,Negative
analyzed-sentence-167.txt,Negative
analyzed-sentence-168.txt,Negative
analyzed-sentence-169.txt,Neutral
analyzed-sentence-170.txt,Negative
analyzed-sentence-171.txt,Negative
analyzed-sentence-172.txt,Neutral
analyzed-sentence-173.txt,Neutral
analyzed-sentence-174.txt,Neutral
analyzed-sentence-175.txt,Neutral
analyzed-sentence-176.txt,Neutral
analyzed-sentence-177.txt,Negative
analyzed-sentence-178.txt,Negative
analyzed-sentence-179.txt,Negative
analyzed-sentence-180.txt,Negative
analyzed-sentence-181.txt,Negative
analyzed-sentence-182.txt,Positive
analyzed-sentence-183.txt,Positive
analyzed-sentence-184.txt,Positive
analyzed-sentence-185.txt,Positive
analyzed-sentence-186.txt,Positive
analyzed-sentence-187.txt,Neutral
analyzed-sentence-188.txt,Positive
analyzed-sentence-189.txt,Positive
analyzed-sentence-190.txt,Neutral
analyzed-sentence-191.txt,Negative
analyzed-sentence-192.txt,Neutral
analyzed-sentence-193.txt,Negative
analyzed-sentence-194.txt,Negative
analyzed-sentence-195.txt,Positive
analyzed-sentence-196.txt,Neutral
analyzed-sentence-197.txt,Neutral
analyzed-sentence-198.txt,Negative
analyzed-sentence-199.txt,Negative
analyzed-sentence-200.txt,Negative
analyzed-sentence-201.txt,Negative
analyzed-sentence-202.txt,Neutral
analyzed-sentence-203.txt,Neutral
analyzed-sentence-204.txt,Neutral
analyzed-sentence-205.txt,Neutral
analyzed-sentence-206.txt,Neutral
analyzed-sentence-207.txt,Neutral
analyzed-sentence-208.txt,Positive
analyzed-sentence-209.txt,Negative
analyzed-sentence-210.txt,Neutral
analyzed-sentence-211.txt,Neutral
analyzed-sentence-212.txt,Neutral
analyzed-sentence-213.txt,Neutral
analyzed-sentence-214.txt,Neutral
analyzed-sentence-215.txt,Neutral
analyzed-sentence-216.txt,Negative
analyzed-sentence-217.txt,Negative
analyzed-sentence-218.txt,Neutral
analyzed-sentence-219.txt,Neutral
analyzed-sentence-220.txt,Negative
analyzed-sentence-221.txt,Neutral
analyzed-sentence-222.txt,Positive
analyzed-sentence-223.txt,Neutral
analyzed-sentence-224.txt,Negative
analyzed-sentence-225.txt,Neutral
analyzed-sentence-226.txt,Negative
analyzed-sentence-227.txt,Neutral
analyzed-sentence-228.txt,Negative
analyzed-sentence-229.txt,Negative
analyzed-sentence-230.txt,Neutral
analyzed-sentence-231.txt,Negative
analyzed-sentence-232.txt,Neutral
analyzed-sentence-233.txt,Neutral
analyzed-sentence-234.txt,Negative
analyzed-sentence-235.txt,Neutral
analyzed-sentence-236.txt,Neutral
analyzed-sentence-237.txt,Neutral
analyzed-sentence-238.txt,Neutral
analyzed-sentence-239.txt,Negative
analyzed-sentence-240.txt,Negative
analyzed-sentence-241.txt,Negative
analyzed-sentence-242.txt,Neutral
analyzed-sentence-243.txt,Positive
analyzed-sentence-244.txt,Negative
analyzed-sentence-245.txt,Negative
analyzed-sentence-246.txt,Negative
analyzed-sentence-247.txt,Negative
analyzed-sentence-248.txt,Verynegative
analyzed-sentence-249.txt,Negative
analyzed-sentence-250.txt,Negative
analyzed-sentence-251.txt,Neutral
analyzed-sentence-252.txt,Neutral
analyzed-sentence-253.txt,Neutral
analyzed-sentence-254.txt,Positive
analyzed-sentence-255.txt,Neutral
analyzed-sentence-256.txt,Neutral
analyzed-sentence-257.txt,Negative
analyzed-sentence-258.txt,Neutral
analyzed-sentence-259.txt,Neutral
analyzed-sentence-260.txt,Neutral
analyzed-sentence-261.txt,Neutral
analyzed-sentence-262.txt,Neutral
analyzed-sentence-263.txt,Negative
analyzed-sentence-264.txt,Negative
analyzed-sentence-265.txt,Negative
analyzed-sentence-266.txt,Negative
analyzed-sentence-267.txt,Negative
analyzed-sentence-268.txt,Negative
analyzed-sentence-269.txt,Neutral
analyzed-sentence-270.txt,Neutral
analyzed-sentence-271.txt,Neutral
analyzed-sentence-272.txt,Negative
analyzed-sentence-273.txt,Negative
analyzed-sentence-274.txt,Neutral
analyzed-sentence-275.txt,Neutral
analyzed-sentence-276.txt,Negative
analyzed-sentence-277.txt,Negative
analyzed-sentence-278.txt,Negative
analyzed-sentence-279.txt,Positive
analyzed-sentence-280.txt,Negative
analyzed-sentence-281.txt,Neutral
analyzed-sentence-282.txt,Negative
analyzed-sentence-283.txt,Negative
analyzed-sentence-284.txt,Negative
analyzed-sentence-285.txt,Negative
analyzed-sentence-286.txt,Negative
analyzed-sentence-287.txt,Neutral
analyzed-sentence-288.txt,Negative
analyzed-sentence-289.txt,Negative
analyzed-sentence-290.txt,Negative
analyzed-sentence-291.txt,Neutral
analyzed-sentence-292.txt,Neutral
analyzed-sentence-293.txt,Neutral
analyzed-sentence-294.txt,Neutral
analyzed-sentence-295.txt,Neutral
analyzed-sentence-296.txt,Negative
analyzed-sentence-297.txt,Negative
analyzed-sentence-298.txt,Neutral
analyzed-sentence-299.txt,Neutral
analyzed-sentence-300.txt,Negative
analyzed-sentence-301.txt,Negative
analyzed-sentence-302.txt,Neutral
analyzed-sentence-303.txt,Neutral
analyzed-sentence-304.txt,Neutral
analyzed-sentence-305.txt,Negative
analyzed-sentence-306.txt,Positive
analyzed-sentence-307.txt,Negative
analyzed-sentence-308.txt,Negative
analyzed-sentence-309.txt,Negative
analyzed-sentence-310.txt,Negative
analyzed-sentence-311.txt,Negative
analyzed-sentence-312.txt,Negative
analyzed-sentence-313.txt,Negative
analyzed-sentence-314.txt,Negative
analyzed-sentence-315.txt,Negative
analyzed-sentence-316.txt,Neutral
analyzed-sentence-317.txt,Negative
analyzed-sentence-318.txt,Negative
analyzed-sentence-319.txt,Negative
analyzed-sentence-320.txt,Neutral
analyzed-sentence-321.txt,Neutral
analyzed-sentence-322.txt,Negative
analyzed-sentence-323.txt,Negative
analyzed-sentence-324.txt,Neutral
analyzed-sentence-325.txt,Negative
analyzed-sentence-326.txt,Neutral
analyzed-sentence-327.txt,Negative
analyzed-sentence-328.txt,Negative
analyzed-sentence-329.txt,Negative
analyzed-sentence-330.txt,Neutral
analyzed-sentence-331.txt,Neutral
analyzed-sentence-332.txt,Positive
analyzed-sentence-333.txt,Neutral
analyzed-sentence-334.txt,Neutral
analyzed-sentence-335.txt,Neutral
analyzed-sentence-336.txt,Negative
analyzed-sentence-337.txt,Negative
analyzed-sentence-338.txt,Negative
analyzed-sentence-339.txt,Neutral
analyzed-sentence-340.txt,Neutral
analyzed-sentence-341.txt,Negative
analyzed-sentence-342.txt,Negative
analyzed-sentence-343.txt,Neutral
analyzed-sentence-344.txt,Negative
analyzed-sentence-345.txt,Negative
analyzed-sentence-346.txt,Negative
analyzed-sentence-347.txt,Negative
analyzed-sentence-348.txt,Negative
analyzed-sentence-349.txt,Neutral
analyzed-sentence-350.txt,Negative
analyzed-sentence-351.txt,Negative
analyzed-sentence-352.txt,Negative
analyzed-sentence-353.txt,Negative
analyzed-sentence-354.txt,Positive
analyzed-sentence-355.txt,Negative
analyzed-sentence-356.txt,Neutral
analyzed-sentence-357.txt,Neutral
analyzed-sentence-358.txt,Negative
analyzed-sentence-359.txt,Neutral
analyzed-sentence-360.txt,Neutral
analyzed-sentence-361.txt,Negative
analyzed-sentence-362.txt,Negative
analyzed-sentence-363.txt,Neutral
analyzed-sentence-364.txt,Positive
analyzed-sentence-365.txt,Neutral
analyzed-sentence-366.txt,Negative
analyzed-sentence-367.txt,Negative
analyzed-sentence-368.txt,Neutral
analyzed-sentence-369.txt,Neutral
analyzed-sentence-370.txt,Negative
analyzed-sentence-371.txt,Negative
analyzed-sentence-372.txt,Neutral
analyzed-sentence-373.txt,Negative
analyzed-sentence-374.txt,Neutral
analyzed-sentence-375.txt,Negative
analyzed-sentence-376.txt,Negative
analyzed-sentence-377.txt,Neutral
analyzed-sentence-378.txt,Negative
analyzed-sentence-379.txt,Neutral
analyzed-sentence-380.txt,Neutral
analyzed-sentence-381.txt,Positive
analyzed-sentence-382.txt,Neutral
analyzed-sentence-383.txt,Neutral
analyzed-sentence-384.txt,Neutral
analyzed-sentence-385.txt,Negative
analyzed-sentence-386.txt,Negative
analyzed-sentence-387.txt,Neutral
analyzed-sentence-388.txt,Neutral
analyzed-sentence-389.txt,Neutral
analyzed-sentence-390.txt,Negative
analyzed-sentence-391.txt,Neutral
analyzed-sentence-392.txt,Negative
analyzed-sentence-393.txt,Negative
analyzed-sentence-394.txt,Neutral
analyzed-sentence-395.txt,Negative
analyzed-sentence-396.txt,Negative
analyzed-sentence-397.txt,Neutral
analyzed-sentence-398.txt,Negative
analyzed-sentence-399.txt,Neutral
analyzed-sentence-400.txt,Negative
analyzed-sentence-401.txt,Negative
analyzed-sentence-402.txt,Neutral
analyzed-sentence-403.txt,Neutral
analyzed-sentence-404.txt,Negative
analyzed-sentence-405.txt,Neutral
analyzed-sentence-406.txt,Negative
analyzed-sentence-407.txt,Positive
analyzed-sentence-408.txt,Negative
analyzed-sentence-409.txt,Negative
analyzed-sentence-410.txt,Negative
analyzed-sentence-411.txt,Negative
analyzed-sentence-412.txt,Neutral
analyzed-sentence-413.txt,Neutral
analyzed-sentence-414.txt,Neutral
analyzed-sentence-415.txt,Neutral
analyzed-sentence-416.txt,Negative
analyzed-sentence-417.txt,Negative
analyzed-sentence-418.txt,Neutral
analyzed-sentence-419.txt,Neutral
analyzed-sentence-420.txt,Neutral
analyzed-sentence-421.txt,Neutral
analyzed-sentence-422.txt,Neutral
analyzed-sentence-423.txt,Neutral
analyzed-sentence-424.txt,Negative
analyzed-sentence-425.txt,Neutral
analyzed-sentence-426.txt,Negative
analyzed-sentence-427.txt,Negative
analyzed-sentence-428.txt,Negative
analyzed-sentence-429.txt,Negative
analyzed-sentence-430.txt,Neutral
analyzed-sentence-431.txt,Neutral
analyzed-sentence-432.txt,Neutral
analyzed-sentence-433.txt,Neutral
analyzed-sentence-434.txt,Neutral
analyzed-sentence-435.txt,Neutral
analyzed-sentence-436.txt,Negative
analyzed-sentence-437.txt,Negative
analyzed-sentence-438.txt,Negative
analyzed-sentence-439.txt,Neutral
analyzed-sentence-440.txt,Neutral
analyzed-sentence-441.txt,Negative
analyzed-sentence-442.txt,Negative
analyzed-sentence-443.txt,Negative
analyzed-sentence-444.txt,Negative
analyzed-sentence-445.txt,Neutral
analyzed-sentence-446.txt,Neutral
analyzed-sentence-447.txt,Negative
analyzed-sentence-448.txt,Negative
analyzed-sentence-449.txt,Negative
analyzed-sentence-450.txt,Negative
analyzed-sentence-451.txt,Positive
analyzed-sentence-452.txt,Negative
analyzed-sentence-453.txt,Negative
analyzed-sentence-454.txt,Negative
analyzed-sentence-455.txt,Negative
analyzed-sentence-456.txt,Neutral
analyzed-sentence-457.txt,Negative
analyzed-sentence-458.txt,Neutral
analyzed-sentence-459.txt,Neutral
analyzed-sentence-460.txt,Neutral
analyzed-sentence-461.txt,Positive
analyzed-sentence-462.txt,Negative
analyzed-sentence-463.txt,Negative
analyzed-sentence-464.txt,Positive
analyzed-sentence-465.txt,Positive
analyzed-sentence-466.txt,Neutral
analyzed-sentence-467.txt,Neutral
analyzed-sentence-468.txt,Negative
analyzed-sentence-469.txt,Negative
analyzed-sentence-470.txt,Neutral
analyzed-sentence-471.txt,Neutral
analyzed-sentence-472.txt,Neutral
analyzed-sentence-473.txt,Negative
analyzed-sentence-474.txt,Negative
analyzed-sentence-475.txt,Neutral
analyzed-sentence-476.txt,Negative
analyzed-sentence-477.txt,Neutral
analyzed-sentence-478.txt,Negative
analyzed-sentence-479.txt,Neutral
analyzed-sentence-480.txt,Negative
analyzed-sentence-481.txt,Neutral
analyzed-sentence-482.txt,Negative
analyzed-sentence-483.txt,Neutral
analyzed-sentence-484.txt,Neutral
analyzed-sentence-485.txt,Negative
analyzed-sentence-486.txt,Positive
analyzed-sentence-487.txt,Neutral
analyzed-sentence-488.txt,Positive
analyzed-sentence-489.txt,Negative
analyzed-sentence-490.txt,Negative
analyzed-sentence-491.txt,Neutral
analyzed-sentence-492.txt,Negative
analyzed-sentence-493.txt,Negative
analyzed-sentence-494.txt,Positive
analyzed-sentence-495.txt,Positive
analyzed-sentence-496.txt,Neutral
analyzed-sentence-497.txt,Neutral
analyzed-sentence-498.txt,Neutral
analyzed-sentence-499.txt,Neutral
analyzed-sentence-500.txt,Neutral
analyzed-sentence-501.txt,Negative
analyzed-sentence-502.txt,Neutral
analyzed-sentence-503.txt,Negative
analyzed-sentence-504.txt,Negative
analyzed-sentence-505.txt,Negative
analyzed-sentence-506.txt,Negative
analyzed-sentence-507.txt,Negative
analyzed-sentence-508.txt,Neutral
analyzed-sentence-509.txt,Negative
analyzed-sentence-510.txt,Negative
analyzed-sentence-511.txt,Neutral
analyzed-sentence-512.txt,Negative
analyzed-sentence-513.txt,Negative
analyzed-sentence-514.txt,Negative
analyzed-sentence-515.txt,Negative
analyzed-sentence-516.txt,Neutral
analyzed-sentence-517.txt,Positive
analyzed-sentence-518.txt,Positive
analyzed-sentence-519.txt,Positive
analyzed-sentence-520.txt,Positive
analyzed-sentence-521.txt,Neutral
analyzed-sentence-522.txt,Neutral
analyzed-sentence-523.txt,Neutral
analyzed-sentence-524.txt,Negative
analyzed-sentence-525.txt,Negative
analyzed-sentence-526.txt,Neutral
analyzed-sentence-527.txt,Neutral
analyzed-sentence-528.txt,Neutral
analyzed-sentence-529.txt,Neutral
analyzed-sentence-530.txt,Negative
analyzed-sentence-531.txt,Negative
analyzed-sentence-532.txt,Neutral
analyzed-sentence-533.txt,Neutral
analyzed-sentence-534.txt,Negative
analyzed-sentence-535.txt,Negative
analyzed-sentence-536.txt,Neutral
analyzed-sentence-537.txt,Neutral
analyzed-sentence-538.txt,Positive
analyzed-sentence-539.txt,Positive
analyzed-sentence-540.txt,Neutral
analyzed-sentence-541.txt,Neutral
analyzed-sentence-542.txt,Neutral
analyzed-sentence-543.txt,Negative
analyzed-sentence-544.txt,Negative
analyzed-sentence-545.txt,Negative
analyzed-sentence-546.txt,Negative
analyzed-sentence-547.txt,Negative
analyzed-sentence-548.txt,Negative
analyzed-sentence-549.txt,Positive
analyzed-sentence-550.txt,Negative
analyzed-sentence-551.txt,Negative
analyzed-sentence-552.txt,Negative
analyzed-sentence-553.txt,Neutral
analyzed-sentence-554.txt,Negative
analyzed-sentence-555.txt,Negative
analyzed-sentence-556.txt,Neutral
analyzed-sentence-557.txt,Negative
analyzed-sentence-558.txt,Neutral
analyzed-sentence-559.txt,Negative
analyzed-sentence-560.txt,Neutral
analyzed-sentence-561.txt,Neutral
analyzed-sentence-562.txt,Negative
analyzed-sentence-563.txt,Neutral
analyzed-sentence-564.txt,Negative
analyzed-sentence-565.txt,Negative
analyzed-sentence-566.txt,Neutral
analyzed-sentence-567.txt,Negative
analyzed-sentence-568.txt,Neutral
analyzed-sentence-569.txt,Neutral
analyzed-sentence-570.txt,Neutral
analyzed-sentence-571.txt,Negative
analyzed-sentence-572.txt,Negative
analyzed-sentence-573.txt,Negative
analyzed-sentence-574.txt,Neutral
analyzed-sentence-575.txt,Positive
analyzed-sentence-576.txt,Neutral
analyzed-sentence-577.txt,Negative
analyzed-sentence-578.txt,Negative
analyzed-sentence-579.txt,Negative
analyzed-sentence-580.txt,Negative
analyzed-sentence-581.txt,Neutral
analyzed-sentence-582.txt,Negative
analyzed-sentence-583.txt,Negative
analyzed-sentence-584.txt,Negative
analyzed-sentence-585.txt,Neutral
analyzed-sentence-586.txt,Neutral
analyzed-sentence-587.txt,Neutral
analyzed-sentence-588.txt,Neutral
analyzed-sentence-589.txt,Negative
analyzed-sentence-590.txt,Positive
analyzed-sentence-591.txt,Positive
analyzed-sentence-592.txt,Neutral
analyzed-sentence-593.txt,Negative
analyzed-sentence-594.txt,Negative
analyzed-sentence-595.txt,Neutral
analyzed-sentence-596.txt,Neutral
analyzed-sentence-597.txt,Neutral
analyzed-sentence-598.txt,Negative
analyzed-sentence-599.txt,Positive
analyzed-sentence-600.txt,Positive
analyzed-sentence-601.txt,Neutral
analyzed-sentence-602.txt,Negative
analyzed-sentence-603.txt,Negative
analyzed-sentence-604.txt,Negative
analyzed-sentence-605.txt,Neutral
analyzed-sentence-606.txt,Neutral
analyzed-sentence-607.txt,Neutral
analyzed-sentence-608.txt,Neutral
analyzed-sentence-609.txt,Neutral
analyzed-sentence-610.txt,Negative
analyzed-sentence-611.txt,Negative
analyzed-sentence-612.txt,Negative
analyzed-sentence-613.txt,Negative
analyzed-sentence-614.txt,Negative
analyzed-sentence-615.txt,Neutral
analyzed-sentence-616.txt,Neutral
analyzed-sentence-617.txt,Negative
analyzed-sentence-618.txt,Negative
analyzed-sentence-619.txt,Negative
analyzed-sentence-620.txt,Negative
analyzed-sentence-621.txt,Neutral
analyzed-sentence-622.txt,Negative
analyzed-sentence-623.txt,Negative
analyzed-sentence-624.txt,Negative
analyzed-sentence-625.txt,Neutral
analyzed-sentence-626.txt,Negative
analyzed-sentence-627.txt,Negative
analyzed-sentence-628.txt,Negative
analyzed-sentence-629.txt,Neutral
analyzed-sentence-630.txt,Negative
analyzed-sentence-631.txt,Neutral
analyzed-sentence-632.txt,Neutral
analyzed-sentence-633.txt,Neutral
analyzed-sentence-634.txt,Positive
analyzed-sentence-635.txt,Negative
analyzed-sentence-636.txt,Negative
analyzed-sentence-637.txt,Negative
analyzed-sentence-638.txt,Neutral
analyzed-sentence-639.txt,Negative
analyzed-sentence-640.txt,Negative
analyzed-sentence-641.txt,Negative
analyzed-sentence-642.txt,Neutral
analyzed-sentence-643.txt,Negative
analyzed-sentence-644.txt,Neutral
analyzed-sentence-645.txt,Positive
analyzed-sentence-646.txt,Neutral
analyzed-sentence-647.txt,Negative
analyzed-sentence-648.txt,Negative
analyzed-sentence-649.txt,Negative
analyzed-sentence-650.txt,Negative
analyzed-sentence-651.txt,Negative
analyzed-sentence-652.txt,Neutral
analyzed-sentence-653.txt,Positive
analyzed-sentence-654.txt,Neutral
analyzed-sentence-655.txt,Negative
analyzed-sentence-656.txt,Negative
analyzed-sentence-657.txt,Negative
analyzed-sentence-658.txt,Neutral
analyzed-sentence-659.txt,Neutral
analyzed-sentence-660.txt,Negative
analyzed-sentence-661.txt,Negative
analyzed-sentence-662.txt,Neutral
analyzed-sentence-663.txt,Negative
analyzed-sentence-664.txt,Neutral
analyzed-sentence-665.txt,Verypositive
analyzed-sentence-666.txt,Positive
analyzed-sentence-667.txt,Negative
analyzed-sentence-668.txt,Negative
analyzed-sentence-669.txt,Negative
analyzed-sentence-670.txt,Negative
analyzed-sentence-671.txt,Neutral
analyzed-sentence-672.txt,Negative
analyzed-sentence-673.txt,Negative
analyzed-sentence-674.txt,Negative
analyzed-sentence-675.txt,Negative
analyzed-sentence-676.txt,Negative
analyzed-sentence-677.txt,Neutral
analyzed-sentence-678.txt,Negative
analyzed-sentence-679.txt,Negative
analyzed-sentence-680.txt,Negative
analyzed-sentence-681.txt,Negative
analyzed-sentence-682.txt,Negative
analyzed-sentence-683.txt,Negative
analyzed-sentence-684.txt,Negative
analyzed-sentence-685.txt,Negative
analyzed-sentence-686.txt,Positive
analyzed-sentence-687.txt,Positive
analyzed-sentence-688.txt,Neutral
analyzed-sentence-689.txt,Negative
analyzed-sentence-690.txt,Negative
analyzed-sentence-691.txt,Negative
analyzed-sentence-692.txt,Neutral
analyzed-sentence-693.txt,Negative
analyzed-sentence-694.txt,Negative
analyzed-sentence-695.txt,Neutral
analyzed-sentence-696.txt,Neutral
analyzed-sentence-697.txt,Positive
analyzed-sentence-698.txt,Negative
analyzed-sentence-699.txt,Negative
analyzed-sentence-700.txt,Positive
analyzed-sentence-701.txt,Negative
analyzed-sentence-702.txt,Negative
analyzed-sentence-703.txt,Negative
analyzed-sentence-704.txt,Negative
analyzed-sentence-705.txt,Negative
analyzed-sentence-706.txt,Neutral
analyzed-sentence-707.txt,Neutral
analyzed-sentence-708.txt,Neutral
analyzed-sentence-709.txt,Negative
analyzed-sentence-710.txt,Negative
analyzed-sentence-711.txt,Negative
analyzed-sentence-712.txt,Negative
analyzed-sentence-713.txt,Negative
analyzed-sentence-714.txt,Neutral
analyzed-sentence-715.txt,Neutral
analyzed-sentence-716.txt,Neutral
analyzed-sentence-717.txt,Neutral
analyzed-sentence-718.txt,Neutral
analyzed-sentence-719.txt,Neutral
analyzed-sentence-720.txt,Negative
analyzed-sentence-721.txt,Negative
analyzed-sentence-722.txt,Negative
analyzed-sentence-723.txt,Negative
analyzed-sentence-724.txt,Negative
analyzed-sentence-725.txt,Neutral
analyzed-sentence-726.txt,Neutral
analyzed-sentence-727.txt,Neutral
analyzed-sentence-728.txt,Neutral
analyzed-sentence-729.txt,Negative
analyzed-sentence-730.txt,Negative
analyzed-sentence-731.txt,Neutral
analyzed-sentence-732.txt,Neutral
analyzed-sentence-733.txt,Positive
analyzed-sentence-734.txt,Positive
analyzed-sentence-735.txt,Neutral
analyzed-sentence-736.txt,Negative
analyzed-sentence-737.txt,Negative
analyzed-sentence-738.txt,Neutral
analyzed-sentence-739.txt,Negative
analyzed-sentence-740.txt,Negative
analyzed-sentence-741.txt,Negative
analyzed-sentence-742.txt,Negative
analyzed-sentence-743.txt,Negative
analyzed-sentence-744.txt,Negative
analyzed-sentence-745.txt,Negative
analyzed-sentence-746.txt,Neutral
analyzed-sentence-747.txt,Neutral
analyzed-sentence-748.txt,Neutral
analyzed-sentence-749.txt,Neutral
analyzed-sentence-750.txt,Neutral
analyzed-sentence-751.txt,Neutral
analyzed-sentence-752.txt,Neutral
analyzed-sentence-753.txt,Neutral
analyzed-sentence-754.txt,Neutral
analyzed-sentence-755.txt,Negative
analyzed-sentence-756.txt,Negative
analyzed-sentence-757.txt,Negative
analyzed-sentence-758.txt,Negative
analyzed-sentence-759.txt,Negative
analyzed-sentence-760.txt,Negative
analyzed-sentence-761.txt,Negative
analyzed-sentence-762.txt,Positive
analyzed-sentence-763.txt,Negative
analyzed-sentence-764.txt,Neutral
analyzed-sentence-765.txt,Negative
analyzed-sentence-766.txt,Negative
analyzed-sentence-767.txt,Negative
analyzed-sentence-768.txt,Positive
analyzed-sentence-769.txt,Negative
analyzed-sentence-770.txt,Negative
analyzed-sentence-771.txt,Negative
analyzed-sentence-772.txt,Negative
analyzed-sentence-773.txt,Neutral
analyzed-sentence-774.txt,Negative
analyzed-sentence-775.txt,Negative
analyzed-sentence-776.txt,Negative
analyzed-sentence-777.txt,Negative
analyzed-sentence-778.txt,Positive
analyzed-sentence-779.txt,Positive
analyzed-sentence-780.txt,Neutral
analyzed-sentence-781.txt,Neutral
analyzed-sentence-782.txt,Neutral
analyzed-sentence-783.txt,Neutral
analyzed-sentence-784.txt,Neutral
analyzed-sentence-785.txt,Negative
analyzed-sentence-786.txt,Negative
analyzed-sentence-787.txt,Negative
analyzed-sentence-788.txt,Negative
analyzed-sentence-789.txt,Negative
analyzed-sentence-790.txt,Neutral
analyzed-sentence-791.txt,Neutral
analyzed-sentence-792.txt,Negative
analyzed-sentence-793.txt,Negative
analyzed-sentence-794.txt,Negative
analyzed-sentence-795.txt,Negative
analyzed-sentence-796.txt,Negative
analyzed-sentence-797.txt,Negative
analyzed-sentence-798.txt,Negative
analyzed-sentence-799.txt,Negative
analyzed-sentence-800.txt,Positive
analyzed-sentence-801.txt,Negative
analyzed-sentence-802.txt,Negative
analyzed-sentence-803.txt,Negative
analyzed-sentence-804.txt,Neutral
analyzed-sentence-805.txt,Negative
analyzed-sentence-806.txt,Negative
analyzed-sentence-807.txt,Neutral
analyzed-sentence-808.txt,Negative
analyzed-sentence-809.txt,Negative
analyzed-sentence-810.txt,Negative
analyzed-sentence-811.txt,Neutral
analyzed-sentence-812.txt,Negative
analyzed-sentence-813.txt,Negative
analyzed-sentence-814.txt,Negative
analyzed-sentence-815.txt,Negative
analyzed-sentence-816.txt,Negative
analyzed-sentence-817.txt,Negative
analyzed-sentence-818.txt,Neutral
analyzed-sentence-819.txt,Neutral
analyzed-sentence-820.txt,Negative
analyzed-sentence-821.txt,Positive
analyzed-sentence-822.txt,Negative
analyzed-sentence-823.txt,Neutral
analyzed-sentence-824.txt,Negative
analyzed-sentence-825.txt,Negative
analyzed-sentence-826.txt,Neutral
analyzed-sentence-827.txt,Positive
analyzed-sentence-828.txt,Positive
analyzed-sentence-829.txt,Positive
analyzed-sentence-830.txt,Positive
analyzed-sentence-831.txt,Neutral
analyzed-sentence-832.txt,Negative
analyzed-sentence-833.txt,Neutral
analyzed-sentence-834.txt,Positive
analyzed-sentence-835.txt,Negative
analyzed-sentence-836.txt,Negative
analyzed-sentence-837.txt,Negative
analyzed-sentence-838.txt,Negative
analyzed-sentence-839.txt,Neutral
analyzed-sentence-840.txt,Neutral
analyzed-sentence-841.txt,Neutral
analyzed-sentence-842.txt,Neutral
analyzed-sentence-843.txt,Negative
analyzed-sentence-844.txt,Negative
analyzed-sentence-845.txt,Neutral
analyzed-sentence-846.txt,Neutral
analyzed-sentence-847.txt,Negative
analyzed-sentence-848.txt,Negative
analyzed-sentence-849.txt,Neutral
analyzed-sentence-850.txt,Negative
analyzed-sentence-851.txt,Neutral
analyzed-sentence-852.txt,Negative
analyzed-sentence-853.txt,Negative
analyzed-sentence-854.txt,Neutral
analyzed-sentence-855.txt,Neutral
analyzed-sentence-856.txt,Neutral
analyzed-sentence-857.txt,Negative
analyzed-sentence-858.txt,Neutral
analyzed-sentence-859.txt,Neutral
analyzed-sentence-860.txt,Neutral
analyzed-sentence-861.txt,Neutral
analyzed-sentence-862.txt,Neutral
analyzed-sentence-863.txt,Negative
analyzed-sentence-864.txt,Negative
analyzed-sentence-865.txt,Negative
analyzed-sentence-866.txt,Negative
analyzed-sentence-867.txt,Negative
analyzed-sentence-868.txt,Neutral
analyzed-sentence-869.txt,Negative
analyzed-sentence-870.txt,Neutral
analyzed-sentence-871.txt,Negative
analyzed-sentence-872.txt,Negative
analyzed-sentence-873.txt,Neutral
analyzed-sentence-874.txt,Negative
analyzed-sentence-875.txt,Positive
analyzed-sentence-876.txt,Negative
analyzed-sentence-877.txt,Neutral
analyzed-sentence-878.txt,Negative
analyzed-sentence-879.txt,Negative
analyzed-sentence-880.txt,Negative
analyzed-sentence-881.txt,Negative
analyzed-sentence-882.txt,Negative
analyzed-sentence-883.txt,Neutral
analyzed-sentence-884.txt,Negative
analyzed-sentence-885.txt,Negative
analyzed-sentence-886.txt,Positive
analyzed-sentence-887.txt,Neutral
analyzed-sentence-888.txt,Neutral
analyzed-sentence-889.txt,Negative
analyzed-sentence-890.txt,Negative
analyzed-sentence-891.txt,Negative
analyzed-sentence-892.txt,Neutral
analyzed-sentence-893.txt,Negative
analyzed-sentence-894.txt,Negative
analyzed-sentence-895.txt,Neutral
analyzed-sentence-896.txt,Neutral
analyzed-sentence-897.txt,Neutral
analyzed-sentence-898.txt,Negative
analyzed-sentence-899.txt,Negative
analyzed-sentence-900.txt,Neutral
analyzed-sentence-901.txt,Negative
analyzed-sentence-902.txt,Negative
analyzed-sentence-903.txt,Positive
analyzed-sentence-904.txt,Neutral
analyzed-sentence-905.txt,Neutral
analyzed-sentence-906.txt,Negative
analyzed-sentence-907.txt,Negative
analyzed-sentence-908.txt,Negative
analyzed-sentence-909.txt,Negative
analyzed-sentence-910.txt,Negative
analyzed-sentence-911.txt,Neutral
analyzed-sentence-912.txt,Neutral
analyzed-sentence-913.txt,Neutral
analyzed-sentence-914.txt,Negative
analyzed-sentence-915.txt,Positive
analyzed-sentence-916.txt,Negative
analyzed-sentence-917.txt,Neutral
analyzed-sentence-918.txt,Negative
analyzed-sentence-919.txt,Negative
analyzed-sentence-920.txt,Neutral
analyzed-sentence-921.txt,Negative
analyzed-sentence-922.txt,Neutral
analyzed-sentence-923.txt,Negative
analyzed-sentence-924.txt,Neutral
analyzed-sentence-925.txt,Neutral
analyzed-sentence-926.txt,Neutral
analyzed-sentence-927.txt,Neutral
analyzed-sentence-928.txt,Negative
analyzed-sentence-929.txt,Neutral
analyzed-sentence-930.txt,Neutral
analyzed-sentence-931.txt,Negative
analyzed-sentence-932.txt,Negative
analyzed-sentence-933.txt,Neutral
analyzed-sentence-934.txt,Neutral
analyzed-sentence-935.txt,Negative
analyzed-sentence-936.txt,Negative
analyzed-sentence-937.txt,Positive
analyzed-sentence-938.txt,Positive
analyzed-sentence-939.txt,Neutral
analyzed-sentence-940.txt,Negative
analyzed-sentence-941.txt,Negative
analyzed-sentence-942.txt,Negative
analyzed-sentence-943.txt,Positive
analyzed-sentence-944.txt,Negative
analyzed-sentence-945.txt,Negative
analyzed-sentence-946.txt,Neutral
analyzed-sentence-947.txt,Negative
analyzed-sentence-948.txt,Neutral
analyzed-sentence-949.txt,Negative
analyzed-sentence-950.txt,Negative
analyzed-sentence-951.txt,Negative
analyzed-sentence-952.txt,Negative
analyzed-sentence-953.txt,Positive
analyzed-sentence-954.txt,Negative
analyzed-sentence-955.txt,Negative
analyzed-sentence-956.txt,Negative
analyzed-sentence-957.txt,Negative
analyzed-sentence-958.txt,Negative
analyzed-sentence-959.txt,Positive
analyzed-sentence-960.txt,Negative
analyzed-sentence-961.txt,Neutral
analyzed-sentence-962.txt,Negative
analyzed-sentence-963.txt,Positive
analyzed-sentence-964.txt,Neutral
analyzed-sentence-965.txt,Negative
analyzed-sentence-966.txt,Negative
analyzed-sentence-967.txt,Negative
analyzed-sentence-968.txt,Negative
analyzed-sentence-969.txt,Negative
analyzed-sentence-970.txt,Negative
analyzed-sentence-971.txt,Negative
analyzed-sentence-972.txt,Neutral
analyzed-sentence-973.txt,Negative
analyzed-sentence-974.txt,Positive
analyzed-sentence-975.txt,Positive
analyzed-sentence-976.txt,Neutral
analyzed-sentence-977.txt,Negative
analyzed-sentence-978.txt,Negative
analyzed-sentence-979.txt,Negative
analyzed-sentence-980.txt,Negative
analyzed-sentence-981.txt,Negative
analyzed-sentence-982.txt,Negative
analyzed-sentence-983.txt,Negative
analyzed-sentence-984.txt,Neutral
analyzed-sentence-985.txt,Neutral
analyzed-sentence-986.txt,Negative
analyzed-sentence-987.txt,Negative
analyzed-sentence-988.txt,Neutral
analyzed-sentence-989.txt,Negative
analyzed-sentence-990.txt,Negative
analyzed-sentence-991.txt,Negative
analyzed-sentence-992.txt,Negative
analyzed-sentence-993.txt,Negative
analyzed-sentence-994.txt,Negative
analyzed-sentence-995.txt,Negative
analyzed-sentence-996.txt,Negative
analyzed-sentence-997.txt,Negative
analyzed-sentence-998.txt,Negative
analyzed-sentence-999.txt,Neutral
analyzed-sentence-1000.txt,Negative
analyzed-sentence-1001.txt,Positive
analyzed-sentence-1002.txt,Negative
analyzed-sentence-1003.txt,Neutral
analyzed-sentence-1004.txt,Neutral
analyzed-sentence-1005.txt,Neutral
analyzed-sentence-1006.txt,Negative
analyzed-sentence-1007.txt,Negative
analyzed-sentence-1008.txt,Negative
analyzed-sentence-1009.txt,Negative
analyzed-sentence-1010.txt,Neutral
analyzed-sentence-1011.txt,Negative
analyzed-sentence-1012.txt,Negative
analyzed-sentence-1013.txt,Neutral
analyzed-sentence-1014.txt,Negative
analyzed-sentence-1015.txt,Negative
analyzed-sentence-1016.txt,Neutral
analyzed-sentence-1017.txt,Neutral
analyzed-sentence-1018.txt,Negative
analyzed-sentence-1019.txt,Negative
analyzed-sentence-1020.txt,Negative
analyzed-sentence-1021.txt,Neutral
analyzed-sentence-1022.txt,Negative
analyzed-sentence-1023.txt,Negative
analyzed-sentence-1024.txt,Negative
analyzed-sentence-1025.txt,Positive
analyzed-sentence-1026.txt,Neutral
analyzed-sentence-1027.txt,Positive
analyzed-sentence-1028.txt,Negative
analyzed-sentence-1029.txt,Neutral
analyzed-sentence-1030.txt,Negative
analyzed-sentence-1031.txt,Negative
analyzed-sentence-1032.txt,Negative
analyzed-sentence-1033.txt,Negative
analyzed-sentence-1034.txt,Negative
analyzed-sentence-1035.txt,Negative
analyzed-sentence-1036.txt,Neutral
analyzed-sentence-1037.txt,Negative
analyzed-sentence-1038.txt,Negative
analyzed-sentence-1039.txt,Negative
analyzed-sentence-1040.txt,Negative
analyzed-sentence-1041.txt,Negative
analyzed-sentence-1042.txt,Positive
analyzed-sentence-1043.txt,Neutral
analyzed-sentence-1044.txt,Negative
analyzed-sentence-1045.txt,Neutral
analyzed-sentence-1046.txt,Neutral
analyzed-sentence-1047.txt,Neutral
analyzed-sentence-1048.txt,Negative
analyzed-sentence-1049.txt,Neutral
analyzed-sentence-1050.txt,Neutral
analyzed-sentence-1051.txt,Neutral
analyzed-sentence-1052.txt,Neutral
analyzed-sentence-1053.txt,Neutral
analyzed-sentence-1054.txt,Negative
analyzed-sentence-1055.txt,Negative
analyzed-sentence-1056.txt,Neutral
analyzed-sentence-1057.txt,Negative
analyzed-sentence-1058.txt,Negative
analyzed-sentence-1059.txt,Positive
analyzed-sentence-1060.txt,Negative
analyzed-sentence-1061.txt,Negative
analyzed-sentence-1062.txt,Neutral
analyzed-sentence-1063.txt,Positive
analyzed-sentence-1064.txt,Neutral
analyzed-sentence-1065.txt,Positive
analyzed-sentence-1066.txt,Negative
analyzed-sentence-1067.txt,Negative
analyzed-sentence-1068.txt,Neutral
analyzed-sentence-1069.txt,Neutral
analyzed-sentence-1070.txt,Negative
analyzed-sentence-1071.txt,Negative
analyzed-sentence-1072.txt,Negative
analyzed-sentence-1073.txt,Negative
analyzed-sentence-1074.txt,Negative
analyzed-sentence-1075.txt,Negative
analyzed-sentence-1076.txt,Neutral
analyzed-sentence-1077.txt,Negative
analyzed-sentence-1078.txt,Negative
analyzed-sentence-1079.txt,Neutral
analyzed-sentence-1080.txt,Negative
analyzed-sentence-1081.txt,Negative
analyzed-sentence-1082.txt,Neutral
analyzed-sentence-1083.txt,Negative
analyzed-sentence-1084.txt,Neutral
analyzed-sentence-1085.txt,Positive
analyzed-sentence-1086.txt,Negative
analyzed-sentence-1087.txt,Negative
analyzed-sentence-1088.txt,Negative
analyzed-sentence-1089.txt,Neutral
analyzed-sentence-1090.txt,Negative
analyzed-sentence-1091.txt,Verynegative
analyzed-sentence-1092.txt,Negative
analyzed-sentence-1093.txt,Negative
analyzed-sentence-1094.txt,Negative
analyzed-sentence-1095.txt,Negative
analyzed-sentence-1096.txt,Neutral
analyzed-sentence-1097.txt,Positive
analyzed-sentence-1098.txt,Negative
analyzed-sentence-1099.txt,Negative
analyzed-sentence-1100.txt,Negative
analyzed-sentence-1101.txt,Negative
analyzed-sentence-1102.txt,Neutral
analyzed-sentence-1103.txt,Neutral
analyzed-sentence-1104.txt,Neutral
analyzed-sentence-1105.txt,Neutral
analyzed-sentence-1106.txt,Neutral
analyzed-sentence-1107.txt,Neutral
analyzed-sentence-1108.txt,Negative
analyzed-sentence-1109.txt,Negative
analyzed-sentence-1110.txt,Negative
analyzed-sentence-1111.txt,Neutral
analyzed-sentence-1112.txt,Negative
analyzed-sentence-1113.txt,Negative
analyzed-sentence-1114.txt,Negative
analyzed-sentence-1115.txt,Negative
analyzed-sentence-1116.txt,Neutral
analyzed-sentence-1117.txt,Negative
analyzed-sentence-1118.txt,Negative
analyzed-sentence-1119.txt,Negative
analyzed-sentence-1120.txt,Neutral
analyzed-sentence-1121.txt,Negative
analyzed-sentence-1122.txt,Negative
analyzed-sentence-1123.txt,Negative
analyzed-sentence-1124.txt,Negative
analyzed-sentence-1125.txt,Negative
analyzed-sentence-1126.txt,Negative
analyzed-sentence-1127.txt,Negative
analyzed-sentence-1128.txt,Negative
analyzed-sentence-1129.txt,Neutral
analyzed-sentence-1130.txt,Negative
analyzed-sentence-1131.txt,Negative
analyzed-sentence-1132.txt,Negative
analyzed-sentence-1133.txt,Neutral
analyzed-sentence-1134.txt,Neutral
analyzed-sentence-1135.txt,Positive
analyzed-sentence-1136.txt,Negative
analyzed-sentence-1137.txt,Negative
analyzed-sentence-1138.txt,Negative
analyzed-sentence-1139.txt,Negative
analyzed-sentence-1140.txt,Negative
analyzed-sentence-1141.txt,Neutral
analyzed-sentence-1142.txt,Neutral
analyzed-sentence-1143.txt,Neutral
analyzed-sentence-1144.txt,Negative
analyzed-sentence-1145.txt,Negative
analyzed-sentence-1146.txt,Neutral
analyzed-sentence-1147.txt,Negative
analyzed-sentence-1148.txt,Negative
analyzed-sentence-1149.txt,Neutral
analyzed-sentence-1150.txt,Negative
analyzed-sentence-1151.txt,Negative
analyzed-sentence-1152.txt,Negative
analyzed-sentence-1153.txt,Negative
analyzed-sentence-1154.txt,Negative
analyzed-sentence-1155.txt,Neutral
analyzed-sentence-1156.txt,Negative
analyzed-sentence-1157.txt,Neutral
analyzed-sentence-1158.txt,Negative
analyzed-sentence-1159.txt,Neutral
analyzed-sentence-1160.txt,Negative
analyzed-sentence-1161.txt,Negative
analyzed-sentence-1162.txt,Negative
analyzed-sentence-1163.txt,Negative
analyzed-sentence-1164.txt,Positive
analyzed-sentence-1165.txt,Positive
analyzed-sentence-1166.txt,Neutral
analyzed-sentence-1167.txt,Negative
analyzed-sentence-1168.txt,Negative
analyzed-sentence-1169.txt,Neutral
analyzed-sentence-1170.txt,Neutral
analyzed-sentence-1171.txt,Neutral
analyzed-sentence-1172.txt,Neutral
analyzed-sentence-1173.txt,Neutral
analyzed-sentence-1174.txt,Neutral
analyzed-sentence-1175.txt,Negative
analyzed-sentence-1176.txt,Negative
analyzed-sentence-1177.txt,Negative
analyzed-sentence-1178.txt,Negative
analyzed-sentence-1179.txt,Negative
analyzed-sentence-1180.txt,Negative
analyzed-sentence-1181.txt,Negative
analyzed-sentence-1182.txt,Negative
analyzed-sentence-1183.txt,Negative
analyzed-sentence-1184.txt,Negative
analyzed-sentence-1185.txt,Negative
analyzed-sentence-1186.txt,Negative
analyzed-sentence-1187.txt,Negative
analyzed-sentence-1188.txt,Negative
analyzed-sentence-1189.txt,Negative
analyzed-sentence-1190.txt,Neutral
analyzed-sentence-1191.txt,Negative
analyzed-sentence-1192.txt,Negative
analyzed-sentence-1193.txt,Neutral
analyzed-sentence-1194.txt,Neutral
analyzed-sentence-1195.txt,Neutral
analyzed-sentence-1196.txt,Neutral
analyzed-sentence-1197.txt,Neutral
analyzed-sentence-1198.txt,Neutral
analyzed-sentence-1199.txt,Neutral
analyzed-sentence-1200.txt,Neutral
analyzed-sentence-1201.txt,Negative
analyzed-sentence-1202.txt,Negative
analyzed-sentence-1203.txt,Positive
analyzed-sentence-1204.txt,Negative
analyzed-sentence-1205.txt,Negative
analyzed-sentence-1206.txt,Neutral
analyzed-sentence-1207.txt,Negative
analyzed-sentence-1208.txt,Neutral
analyzed-sentence-1209.txt,Negative
analyzed-sentence-1210.txt,Negative
analyzed-sentence-1211.txt,Negative
analyzed-sentence-1212.txt,Negative
analyzed-sentence-1213.txt,Neutral
analyzed-sentence-1214.txt,Neutral
analyzed-sentence-1215.txt,Negative
analyzed-sentence-1216.txt,Neutral
analyzed-sentence-1217.txt,Positive
analyzed-sentence-1218.txt,Positive
analyzed-sentence-1219.txt,Neutral
analyzed-sentence-1220.txt,Negative
analyzed-sentence-1221.txt,Negative
analyzed-sentence-1222.txt,Positive
analyzed-sentence-1223.txt,Neutral
analyzed-sentence-1224.txt,Neutral
analyzed-sentence-1225.txt,Negative
analyzed-sentence-1226.txt,Negative
analyzed-sentence-1227.txt,Negative
analyzed-sentence-1228.txt,Negative
analyzed-sentence-1229.txt,Negative
analyzed-sentence-1230.txt,Negative
analyzed-sentence-1231.txt,Negative
analyzed-sentence-1232.txt,Neutral
analyzed-sentence-1233.txt,Negative
analyzed-sentence-1234.txt,Negative
analyzed-sentence-1235.txt,Negative
analyzed-sentence-1236.txt,Neutral
analyzed-sentence-1237.txt,Negative
analyzed-sentence-1238.txt,Negative
analyzed-sentence-1239.txt,Neutral
analyzed-sentence-1240.txt,Negative
analyzed-sentence-1241.txt,Neutral
analyzed-sentence-1242.txt,Negative
analyzed-sentence-1243.txt,Negative
analyzed-sentence-1244.txt,Positive
analyzed-sentence-1245.txt,Negative
analyzed-sentence-1246.txt,Neutral
analyzed-sentence-1247.txt,Negative
analyzed-sentence-1248.txt,Negative
analyzed-sentence-1249.txt,Negative
analyzed-sentence-1250.txt,Neutral
analyzed-sentence-1251.txt,Negative
analyzed-sentence-1252.txt,Negative
analyzed-sentence-1253.txt,Neutral
analyzed-sentence-1254.txt,Negative
analyzed-sentence-1255.txt,Negative
analyzed-sentence-1256.txt,Negative
analyzed-sentence-1257.txt,Negative
analyzed-sentence-1258.txt,Neutral
analyzed-sentence-1259.txt,Neutral
analyzed-sentence-1260.txt,Neutral
analyzed-sentence-1261.txt,Negative
analyzed-sentence-1262.txt,Negative
analyzed-sentence-1263.txt,Negative
analyzed-sentence-1264.txt,Negative
analyzed-sentence-1265.txt,Negative
analyzed-sentence-1266.txt,Neutral
analyzed-sentence-1267.txt,Negative
analyzed-sentence-1268.txt,Negative
analyzed-sentence-1269.txt,Neutral
analyzed-sentence-1270.txt,Negative
analyzed-sentence-1271.txt,Negative
analyzed-sentence-1272.txt,Neutral
analyzed-sentence-1273.txt,Negative
analyzed-sentence-1274.txt,Negative
analyzed-sentence-1275.txt,Negative
analyzed-sentence-1276.txt,Negative
analyzed-sentence-1277.txt,Negative
analyzed-sentence-1278.txt,Negative
analyzed-sentence-1279.txt,Neutral
analyzed-sentence-1280.txt,Negative
analyzed-sentence-1281.txt,Negative
analyzed-sentence-1282.txt,Negative
analyzed-sentence-1283.txt,Neutral
analyzed-sentence-1284.txt,Positive
analyzed-sentence-1285.txt,Neutral
analyzed-sentence-1286.txt,Negative
analyzed-sentence-1287.txt,Negative
analyzed-sentence-1288.txt,Neutral
analyzed-sentence-1289.txt,Negative
analyzed-sentence-1290.txt,Negative
analyzed-sentence-1291.txt,Neutral
analyzed-sentence-1292.txt,Negative
analyzed-sentence-1293.txt,Negative
analyzed-sentence-1294.txt,Negative
analyzed-sentence-1295.txt,Negative
analyzed-sentence-1296.txt,Negative
analyzed-sentence-1297.txt,Negative
analyzed-sentence-1298.txt,Negative
analyzed-sentence-1299.txt,Negative
analyzed-sentence-1300.txt,Negative
analyzed-sentence-1301.txt,Neutral
analyzed-sentence-1302.txt,Neutral
analyzed-sentence-1303.txt,Neutral
analyzed-sentence-1304.txt,Negative
analyzed-sentence-1305.txt,Negative
analyzed-sentence-1306.txt,Negative
analyzed-sentence-1307.txt,Neutral
analyzed-sentence-1308.txt,Negative
analyzed-sentence-1309.txt,Negative
analyzed-sentence-1310.txt,Negative
analyzed-sentence-1311.txt,Negative
analyzed-sentence-1312.txt,Negative
analyzed-sentence-1313.txt,Negative
analyzed-sentence-1314.txt,Negative
analyzed-sentence-1315.txt,Neutral
analyzed-sentence-1316.txt,Negative
analyzed-sentence-1317.txt,Neutral
analyzed-sentence-1318.txt,Neutral
analyzed-sentence-1319.txt,Neutral
analyzed-sentence-1320.txt,Negative
analyzed-sentence-1321.txt,Negative
analyzed-sentence-1322.txt,Negative
analyzed-sentence-1323.txt,Negative
analyzed-sentence-1324.txt,Negative
analyzed-sentence-1325.txt,Neutral
analyzed-sentence-1326.txt,Neutral
analyzed-sentence-1327.txt,Neutral
analyzed-sentence-1328.txt,Neutral
analyzed-sentence-1329.txt,Negative
analyzed-sentence-1330.txt,Negative
analyzed-sentence-1331.txt,Neutral
analyzed-sentence-1332.txt,Negative
analyzed-sentence-1333.txt,Neutral
analyzed-sentence-1334.txt,Negative
analyzed-sentence-1335.txt,Neutral
analyzed-sentence-1336.txt,Neutral
analyzed-sentence-1337.txt,Negative
analyzed-sentence-1338.txt,Negative
analyzed-sentence-1339.txt,Negative
analyzed-sentence-1340.txt,Negative
analyzed-sentence-1341.txt,Neutral
analyzed-sentence-1342.txt,Negative
analyzed-sentence-1343.txt,Negative
analyzed-sentence-1344.txt,Negative
analyzed-sentence-1345.txt,Positive
analyzed-sentence-1346.txt,Negative
analyzed-sentence-1347.txt,Negative
analyzed-sentence-1348.txt,Negative
analyzed-sentence-1349.txt,Negative
analyzed-sentence-1350.txt,Negative
analyzed-sentence-1351.txt,Negative
analyzed-sentence-1352.txt,Negative
analyzed-sentence-1353.txt,Neutral
analyzed-sentence-1354.txt,Negative
analyzed-sentence-1355.txt,Negative
analyzed-sentence-1356.txt,Negative
analyzed-sentence-1357.txt,Negative
analyzed-sentence-1358.txt,Negative
analyzed-sentence-1359.txt,Neutral
analyzed-sentence-1360.txt,Neutral
analyzed-sentence-1361.txt,Neutral
analyzed-sentence-1362.txt,Neutral
analyzed-sentence-1363.txt,Neutral
analyzed-sentence-1364.txt,Negative
analyzed-sentence-1365.txt,Negative
analyzed-sentence-1366.txt,Neutral
analyzed-sentence-1367.txt,Negative
analyzed-sentence-1368.txt,Negative
analyzed-sentence-1369.txt,Negative
analyzed-sentence-1370.txt,Negative
analyzed-sentence-1371.txt,Negative
analyzed-sentence-1372.txt,Positive
analyzed-sentence-1373.txt,Negative
analyzed-sentence-1374.txt,Neutral
analyzed-sentence-1375.txt,Neutral
analyzed-sentence-1376.txt,Negative
analyzed-sentence-1377.txt,Negative
analyzed-sentence-1378.txt,Neutral
analyzed-sentence-1379.txt,Neutral
analyzed-sentence-1380.txt,Neutral
analyzed-sentence-1381.txt,Negative
analyzed-sentence-1382.txt,Negative
analyzed-sentence-1383.txt,Neutral
analyzed-sentence-1384.txt,Negative
analyzed-sentence-1385.txt,Negative
analyzed-sentence-1386.txt,Negative
analyzed-sentence-1387.txt,Neutral
analyzed-sentence-1388.txt,Neutral
analyzed-sentence-1389.txt,Neutral
analyzed-sentence-1390.txt,Negative
analyzed-sentence-1391.txt,Negative
analyzed-sentence-1392.txt,Negative
analyzed-sentence-1393.txt,Negative
analyzed-sentence-1394.txt,Negative
analyzed-sentence-1395.txt,Negative
analyzed-sentence-1396.txt,Neutral
analyzed-sentence-1397.txt,Neutral
analyzed-sentence-1398.txt,Negative
analyzed-sentence-1399.txt,Negative
analyzed-sentence-1400.txt,Negative
analyzed-sentence-1401.txt,Negative
analyzed-sentence-1402.txt,Negative
analyzed-sentence-1403.txt,Neutral
analyzed-sentence-1404.txt,Neutral
analyzed-sentence-1405.txt,Negative
analyzed-sentence-1406.txt,Negative
analyzed-sentence-1407.txt,Neutral
analyzed-sentence-1408.txt,Negative
analyzed-sentence-1409.txt,Negative
analyzed-sentence-1410.txt,Neutral
analyzed-sentence-1411.txt,Negative
analyzed-sentence-1412.txt,Neutral
analyzed-sentence-1413.txt,Neutral
analyzed-sentence-1414.txt,Negative
analyzed-sentence-1415.txt,Negative
analyzed-sentence-1416.txt,Negative
analyzed-sentence-1417.txt,Neutral
analyzed-sentence-1418.txt,Negative
analyzed-sentence-1419.txt,Positive
analyzed-sentence-1420.txt,Negative
analyzed-sentence-1421.txt,Negative
analyzed-sentence-1422.txt,Neutral
analyzed-sentence-1423.txt,Neutral
analyzed-sentence-1424.txt,Negative
analyzed-sentence-1425.txt,Negative
analyzed-sentence-1426.txt,Negative
analyzed-sentence-1427.txt,Negative
analyzed-sentence-1428.txt,Neutral
analyzed-sentence-1429.txt,Negative
analyzed-sentence-1430.txt,Negative
analyzed-sentence-1431.txt,Negative
analyzed-sentence-1432.txt,Negative
analyzed-sentence-1433.txt,Neutral
analyzed-sentence-1434.txt,Negative
analyzed-sentence-1435.txt,Negative
analyzed-sentence-1436.txt,Neutral
analyzed-sentence-1437.txt,Neutral
analyzed-sentence-1438.txt,Negative
analyzed-sentence-1439.txt,Negative
analyzed-sentence-1440.txt,Negative
analyzed-sentence-1441.txt,Negative
analyzed-sentence-1442.txt,Negative
analyzed-sentence-1443.txt,Negative
analyzed-sentence-1444.txt,Negative
analyzed-sentence-1445.txt,Positive
analyzed-sentence-1446.txt,Negative
analyzed-sentence-1447.txt,Negative
analyzed-sentence-1448.txt,Negative
analyzed-sentence-1449.txt,Negative
analyzed-sentence-1450.txt,Negative
analyzed-sentence-1451.txt,Neutral
analyzed-sentence-1452.txt,Neutral
analyzed-sentence-1453.txt,Negative
analyzed-sentence-1454.txt,Negative
analyzed-sentence-1455.txt,Neutral
analyzed-sentence-1456.txt,Neutral
analyzed-sentence-1457.txt,Neutral
analyzed-sentence-1458.txt,Negative
analyzed-sentence-1459.txt,Negative
analyzed-sentence-1460.txt,Negative
analyzed-sentence-1461.txt,Positive
analyzed-sentence-1462.txt,Neutral
analyzed-sentence-1463.txt,Neutral
analyzed-sentence-1464.txt,Positive
analyzed-sentence-1465.txt,Neutral
analyzed-sentence-1466.txt,Positive
analyzed-sentence-1467.txt,Negative
analyzed-sentence-1468.txt,Negative
analyzed-sentence-1469.txt,Neutral
analyzed-sentence-1470.txt,Positive
analyzed-sentence-1471.txt,Positive
analyzed-sentence-1472.txt,Neutral
analyzed-sentence-1473.txt,Negative
analyzed-sentence-1474.txt,Negative
analyzed-sentence-1475.txt,Negative
analyzed-sentence-1476.txt,Neutral
analyzed-sentence-1477.txt,Neutral
analyzed-sentence-1478.txt,Negative
analyzed-sentence-1479.txt,Negative
analyzed-sentence-1480.txt,Negative
analyzed-sentence-1481.txt,Neutral
analyzed-sentence-1482.txt,Neutral
analyzed-sentence-1483.txt,Neutral
analyzed-sentence-1484.txt,Neutral
analyzed-sentence-1485.txt,Negative
analyzed-sentence-1486.txt,Negative
analyzed-sentence-1487.txt,Neutral
analyzed-sentence-1488.txt,Neutral
analyzed-sentence-1489.txt,Neutral
analyzed-sentence-1490.txt,Neutral
analyzed-sentence-1491.txt,Negative
analyzed-sentence-1492.txt,Negative
analyzed-sentence-1493.txt,Negative
analyzed-sentence-1494.txt,Negative
analyzed-sentence-1495.txt,Neutral
analyzed-sentence-1496.txt,Negative
analyzed-sentence-1497.txt,Negative
analyzed-sentence-1498.txt,Negative
analyzed-sentence-1499.txt,Negative
analyzed-sentence-1500.txt,Neutral
analyzed-sentence-1501.txt,Neutral
analyzed-sentence-1502.txt,Neutral
analyzed-sentence-1503.txt,Neutral
analyzed-sentence-1504.txt,Neutral
analyzed-sentence-1505.txt,Neutral
analyzed-sentence-1506.txt,Neutral
analyzed-sentence-1507.txt,Neutral
analyzed-sentence-1508.txt,Negative
analyzed-sentence-1509.txt,Negative
analyzed-sentence-1510.txt,Negative
analyzed-sentence-1511.txt,Negative
analyzed-sentence-1512.txt,Negative
analyzed-sentence-1513.txt,Negative
analyzed-sentence-1514.txt,Negative
analyzed-sentence-1515.txt,Neutral
analyzed-sentence-1516.txt,Positive
analyzed-sentence-1517.txt,Negative
analyzed-sentence-1518.txt,Neutral
analyzed-sentence-1519.txt,Neutral
analyzed-sentence-1520.txt,Neutral
analyzed-sentence-1521.txt,Neutral
analyzed-sentence-1522.txt,Neutral
analyzed-sentence-1523.txt,Negative
analyzed-sentence-1524.txt,Negative
analyzed-sentence-1525.txt,Neutral
analyzed-sentence-1526.txt,Negative
analyzed-sentence-1527.txt,Negative
analyzed-sentence-1528.txt,Neutral
analyzed-sentence-1529.txt,Neutral
analyzed-sentence-1530.txt,Neutral
analyzed-sentence-1531.txt,Neutral
analyzed-sentence-1532.txt,Negative
analyzed-sentence-1533.txt,Negative
analyzed-sentence-1534.txt,Neutral
analyzed-sentence-1535.txt,Negative
analyzed-sentence-1536.txt,Negative
analyzed-sentence-1537.txt,Neutral
analyzed-sentence-1538.txt,Negative
analyzed-sentence-1539.txt,Negative
analyzed-sentence-1540.txt,Neutral
analyzed-sentence-1541.txt,Negative
analyzed-sentence-1542.txt,Negative
analyzed-sentence-1543.txt,Negative
analyzed-sentence-1544.txt,Neutral
analyzed-sentence-1545.txt,Positive
analyzed-sentence-1546.txt,Positive
analyzed-sentence-1547.txt,Neutral
analyzed-sentence-1548.txt,Negative
analyzed-sentence-1549.txt,Negative
analyzed-sentence-1550.txt,Neutral
analyzed-sentence-1551.txt,Negative
analyzed-sentence-1552.txt,Negative
analyzed-sentence-1553.txt,Positive
analyzed-sentence-1554.txt,Negative
analyzed-sentence-1555.txt,Neutral
analyzed-sentence-1556.txt,Neutral
analyzed-sentence-1557.txt,Negative
analyzed-sentence-1558.txt,Negative
analyzed-sentence-1559.txt,Negative
analyzed-sentence-1560.txt,Negative
analyzed-sentence-1561.txt,Negative
analyzed-sentence-1562.txt,Negative
analyzed-sentence-1563.txt,Negative
analyzed-sentence-1564.txt,Neutral
analyzed-sentence-1565.txt,Neutral
analyzed-sentence-1566.txt,Negative
analyzed-sentence-1567.txt,Negative
analyzed-sentence-1568.txt,Negative
analyzed-sentence-1569.txt,Negative
analyzed-sentence-1570.txt,Neutral
analyzed-sentence-1571.txt,Negative
analyzed-sentence-1572.txt,Negative
analyzed-sentence-1573.txt,Neutral
analyzed-sentence-1574.txt,Negative
analyzed-sentence-1575.txt,Neutral
analyzed-sentence-1576.txt,Negative
analyzed-sentence-1577.txt,Negative
analyzed-sentence-1578.txt,Neutral
analyzed-sentence-1579.txt,Neutral
analyzed-sentence-1580.txt,Neutral
analyzed-sentence-1581.txt,Neutral
analyzed-sentence-1582.txt,Negative
analyzed-sentence-1583.txt,Negative
analyzed-sentence-1584.txt,Neutral
analyzed-sentence-1585.txt,Neutral
analyzed-sentence-1586.txt,Positive
analyzed-sentence-1587.txt,Positive
analyzed-sentence-1588.txt,Neutral
analyzed-sentence-1589.txt,Negative
analyzed-sentence-1590.txt,Negative
analyzed-sentence-1591.txt,Negative
analyzed-sentence-1592.txt,Negative
analyzed-sentence-1593.txt,Negative
analyzed-sentence-1594.txt,Negative
analyzed-sentence-1595.txt,Neutral
analyzed-sentence-1596.txt,Neutral
analyzed-sentence-1597.txt,Negative
analyzed-sentence-1598.txt,Negative
analyzed-sentence-1599.txt,Neutral
analyzed-sentence-1600.txt,Neutral
analyzed-sentence-1601.txt,Negative
analyzed-sentence-1602.txt,Neutral
analyzed-sentence-1603.txt,Neutral
analyzed-sentence-1604.txt,Neutral
analyzed-sentence-1605.txt,Neutral
analyzed-sentence-1606.txt,Negative
analyzed-sentence-1607.txt,Negative
analyzed-sentence-1608.txt,Neutral
analyzed-sentence-1609.txt,Neutral
analyzed-sentence-1610.txt,Neutral
analyzed-sentence-1611.txt,Neutral
analyzed-sentence-1612.txt,Neutral
analyzed-sentence-1613.txt,Negative
analyzed-sentence-1614.txt,Negative
analyzed-sentence-1615.txt,Negative
analyzed-sentence-1616.txt,Negative
analyzed-sentence-1617.txt,Negative
analyzed-sentence-1618.txt,Neutral
analyzed-sentence-1619.txt,Negative
analyzed-sentence-1620.txt,Neutral
analyzed-sentence-1621.txt,Neutral
analyzed-sentence-1622.txt,Neutral
analyzed-sentence-1623.txt,Neutral
analyzed-sentence-1624.txt,Neutral
analyzed-sentence-1625.txt,Negative
analyzed-sentence-1626.txt,Negative
analyzed-sentence-1627.txt,Neutral
analyzed-sentence-1628.txt,Negative
analyzed-sentence-1629.txt,Positive
analyzed-sentence-1630.txt,Negative
analyzed-sentence-1631.txt,Negative
analyzed-sentence-1632.txt,Neutral
analyzed-sentence-1633.txt,Neutral
analyzed-sentence-1634.txt,Neutral
analyzed-sentence-1635.txt,Negative
analyzed-sentence-1636.txt,Negative
analyzed-sentence-1637.txt,Negative
analyzed-sentence-1638.txt,Negative
analyzed-sentence-1639.txt,Negative
analyzed-sentence-1640.txt,Negative
analyzed-sentence-1641.txt,Negative
analyzed-sentence-1642.txt,Negative
analyzed-sentence-1643.txt,Negative
analyzed-sentence-1644.txt,Neutral
analyzed-sentence-1645.txt,Neutral
analyzed-sentence-1646.txt,Neutral
analyzed-sentence-1647.txt,Neutral
analyzed-sentence-1648.txt,Negative
analyzed-sentence-1649.txt,Negative
analyzed-sentence-1650.txt,Negative
analyzed-sentence-1651.txt,Neutral
analyzed-sentence-1652.txt,Neutral
analyzed-sentence-1653.txt,Positive
analyzed-sentence-1654.txt,Positive
analyzed-sentence-1655.txt,Neutral
analyzed-sentence-1656.txt,Verynegative
analyzed-sentence-1657.txt,Negative
analyzed-sentence-1658.txt,Negative
analyzed-sentence-1659.txt,Negative
analyzed-sentence-1660.txt,Neutral
analyzed-sentence-1661.txt,Negative
analyzed-sentence-1662.txt,Negative
analyzed-sentence-1663.txt,Negative
analyzed-sentence-1664.txt,Negative
analyzed-sentence-1665.txt,Negative
analyzed-sentence-1666.txt,Negative
analyzed-sentence-1667.txt,Negative
analyzed-sentence-1668.txt,Negative
analyzed-sentence-1669.txt,Neutral
analyzed-sentence-1670.txt,Neutral
analyzed-sentence-1671.txt,Negative
analyzed-sentence-1672.txt,Negative
analyzed-sentence-1673.txt,Negative
analyzed-sentence-1674.txt,Positive
analyzed-sentence-1675.txt,Negative
analyzed-sentence-1676.txt,Negative
analyzed-sentence-1677.txt,Neutral
analyzed-sentence-1678.txt,Neutral
analyzed-sentence-1679.txt,Negative
analyzed-sentence-1680.txt,Negative
analyzed-sentence-1681.txt,Negative
analyzed-sentence-1682.txt,Negative
analyzed-sentence-1683.txt,Negative
analyzed-sentence-1684.txt,Negative
analyzed-sentence-1685.txt,Negative
analyzed-sentence-1686.txt,Negative
analyzed-sentence-1687.txt,Negative
analyzed-sentence-1688.txt,Neutral
analyzed-sentence-1689.txt,Negative
analyzed-sentence-1690.txt,Negative
analyzed-sentence-1691.txt,Neutral
analyzed-sentence-1692.txt,Negative
analyzed-sentence-1693.txt,Negative
analyzed-sentence-1694.txt,Negative
analyzed-sentence-1695.txt,Neutral
analyzed-sentence-1696.txt,Neutral
analyzed-sentence-1697.txt,Neutral
analyzed-sentence-1698.txt,Neutral
analyzed-sentence-1699.txt,Neutral
analyzed-sentence-1700.txt,Negative
analyzed-sentence-1701.txt,Positive
analyzed-sentence-1702.txt,Negative
analyzed-sentence-1703.txt,Negative
analyzed-sentence-1704.txt,Neutral
analyzed-sentence-1705.txt,Neutral
analyzed-sentence-1706.txt,Negative
analyzed-sentence-1707.txt,Negative
analyzed-sentence-1708.txt,Negative
analyzed-sentence-1709.txt,Negative
analyzed-sentence-1710.txt,Negative
analyzed-sentence-1711.txt,Negative
analyzed-sentence-1712.txt,Negative
analyzed-sentence-1713.txt,Negative
analyzed-sentence-1714.txt,Negative
analyzed-sentence-1715.txt,Neutral
analyzed-sentence-1716.txt,Positive
analyzed-sentence-1717.txt,Negative
analyzed-sentence-1718.txt,Neutral
analyzed-sentence-1719.txt,Negative
analyzed-sentence-1720.txt,Negative
analyzed-sentence-1721.txt,Negative
analyzed-sentence-1722.txt,Negative
analyzed-sentence-1723.txt,Neutral
analyzed-sentence-1724.txt,Positive
analyzed-sentence-1725.txt,Neutral
analyzed-sentence-1726.txt,Neutral
analyzed-sentence-1727.txt,Neutral
analyzed-sentence-1728.txt,Negative
analyzed-sentence-1729.txt,Neutral
analyzed-sentence-1730.txt,Neutral
analyzed-sentence-1731.txt,Negative
analyzed-sentence-1732.txt,Negative
analyzed-sentence-1733.txt,Neutral
analyzed-sentence-1734.txt,Negative
analyzed-sentence-1735.txt,Negative
analyzed-sentence-1736.txt,Negative
analyzed-sentence-1737.txt,Negative
analyzed-sentence-1738.txt,Negative
analyzed-sentence-1739.txt,Neutral
analyzed-sentence-1740.txt,Negative
analyzed-sentence-1741.txt,Negative
analyzed-sentence-1742.txt,Negative
analyzed-sentence-1743.txt,Negative
analyzed-sentence-1744.txt,Neutral
analyzed-sentence-1745.txt,Negative
analyzed-sentence-1746.txt,Negative
analyzed-sentence-1747.txt,Neutral
analyzed-sentence-1748.txt,Neutral
analyzed-sentence-1749.txt,Negative
analyzed-sentence-1750.txt,Neutral
analyzed-sentence-1751.txt,Neutral
analyzed-sentence-1752.txt,Negative
analyzed-sentence-1753.txt,Neutral
analyzed-sentence-1754.txt,Positive
analyzed-sentence-1755.txt,Neutral
analyzed-sentence-1756.txt,Negative
analyzed-sentence-1757.txt,Neutral
analyzed-sentence-1758.txt,Negative
analyzed-sentence-1759.txt,Neutral
analyzed-sentence-1760.txt,Negative
analyzed-sentence-1761.txt,Negative
analyzed-sentence-1762.txt,Neutral
analyzed-sentence-1763.txt,Negative
analyzed-sentence-1764.txt,Negative
analyzed-sentence-1765.txt,Positive
analyzed-sentence-1766.txt,Negative
analyzed-sentence-1767.txt,Negative
analyzed-sentence-1768.txt,Negative
analyzed-sentence-1769.txt,Negative
analyzed-sentence-1770.txt,Negative
analyzed-sentence-1771.txt,Negative
analyzed-sentence-1772.txt,Neutral
analyzed-sentence-1773.txt,Negative
analyzed-sentence-1774.txt,Negative
analyzed-sentence-1775.txt,Neutral
analyzed-sentence-1776.txt,Negative
analyzed-sentence-1777.txt,Negative
analyzed-sentence-1778.txt,Negative
analyzed-sentence-1779.txt,Negative
analyzed-sentence-1780.txt,Neutral
analyzed-sentence-1781.txt,Neutral
analyzed-sentence-1782.txt,Neutral
analyzed-sentence-1783.txt,Neutral
analyzed-sentence-1784.txt,Neutral
analyzed-sentence-1785.txt,Neutral
analyzed-sentence-1786.txt,Neutral
analyzed-sentence-1787.txt,Negative
analyzed-sentence-1788.txt,Neutral
analyzed-sentence-1789.txt,Neutral
analyzed-sentence-1790.txt,Neutral
analyzed-sentence-1791.txt,Neutral
analyzed-sentence-1792.txt,Negative
analyzed-sentence-1793.txt,Negative
analyzed-sentence-1794.txt,Neutral
analyzed-sentence-1795.txt,Negative
analyzed-sentence-1796.txt,Neutral
analyzed-sentence-1797.txt,Negative
analyzed-sentence-1798.txt,Neutral
analyzed-sentence-1799.txt,Neutral
analyzed-sentence-1800.txt,Neutral
analyzed-sentence-1801.txt,Neutral
analyzed-sentence-1802.txt,Neutral
analyzed-sentence-1803.txt,Negative
analyzed-sentence-1804.txt,Negative
analyzed-sentence-1805.txt,Negative
analyzed-sentence-1806.txt,Negative
analyzed-sentence-1807.txt,Positive
analyzed-sentence-1808.txt,Negative
analyzed-sentence-1809.txt,Positive
analyzed-sentence-1810.txt,Negative
analyzed-sentence-1811.txt,Positive
analyzed-sentence-1812.txt,Positive
analyzed-sentence-1813.txt,Neutral
analyzed-sentence-1814.txt,Negative
analyzed-sentence-1815.txt,Negative
analyzed-sentence-1816.txt,Negative
analyzed-sentence-1817.txt,Negative
analyzed-sentence-1818.txt,Negative
analyzed-sentence-1819.txt,Negative
analyzed-sentence-1820.txt,Negative
analyzed-sentence-1821.txt,Negative
analyzed-sentence-1822.txt,Negative
analyzed-sentence-1823.txt,Negative
analyzed-sentence-1824.txt,Negative
analyzed-sentence-1825.txt,Neutral
analyzed-sentence-1826.txt,Negative
analyzed-sentence-1827.txt,Negative
analyzed-sentence-1828.txt,Negative
analyzed-sentence-1829.txt,Neutral
analyzed-sentence-1830.txt,Negative
analyzed-sentence-1831.txt,Negative
analyzed-sentence-1832.txt,Negative
analyzed-sentence-1833.txt,Neutral
analyzed-sentence-1834.txt,Negative
analyzed-sentence-1835.txt,Negative
analyzed-sentence-1836.txt,Negative
analyzed-sentence-1837.txt,Negative
analyzed-sentence-1838.txt,Neutral
analyzed-sentence-1839.txt,Negative
analyzed-sentence-1840.txt,Positive
analyzed-sentence-1841.txt,Neutral
analyzed-sentence-1842.txt,Negative
analyzed-sentence-1843.txt,Negative
analyzed-sentence-1844.txt,Neutral
analyzed-sentence-1845.txt,Negative
analyzed-sentence-1846.txt,Negative
analyzed-sentence-1847.txt,Negative
analyzed-sentence-1848.txt,Neutral
analyzed-sentence-1849.txt,Negative
analyzed-sentence-1850.txt,Negative
analyzed-sentence-1851.txt,Neutral
analyzed-sentence-1852.txt,Negative
analyzed-sentence-1853.txt,Negative
analyzed-sentence-1854.txt,Neutral
analyzed-sentence-1855.txt,Negative
analyzed-sentence-1856.txt,Negative
analyzed-sentence-1857.txt,Negative
analyzed-sentence-1858.txt,Negative
analyzed-sentence-1859.txt,Negative
analyzed-sentence-1860.txt,Negative
analyzed-sentence-1861.txt,Negative
analyzed-sentence-1862.txt,Negative
analyzed-sentence-1863.txt,Negative
analyzed-sentence-1864.txt,Negative
analyzed-sentence-1865.txt,Positive
analyzed-sentence-1866.txt,Neutral
analyzed-sentence-1867.txt,Negative
analyzed-sentence-1868.txt,Negative
analyzed-sentence-1869.txt,Negative
analyzed-sentence-1870.txt,Negative
analyzed-sentence-1871.txt,Neutral
analyzed-sentence-1872.txt,Neutral
analyzed-sentence-1873.txt,Negative
analyzed-sentence-1874.txt,Neutral
analyzed-sentence-1875.txt,Neutral
analyzed-sentence-1876.txt,Neutral
analyzed-sentence-1877.txt,Negative
analyzed-sentence-1878.txt,Negative
analyzed-sentence-1879.txt,Neutral
analyzed-sentence-1880.txt,Negative
analyzed-sentence-1881.txt,Negative
analyzed-sentence-1882.txt,Neutral
analyzed-sentence-1883.txt,Negative
analyzed-sentence-1884.txt,Negative
analyzed-sentence-1885.txt,Positive
analyzed-sentence-1886.txt,Negative
analyzed-sentence-1887.txt,Negative
analyzed-sentence-1888.txt,Neutral
analyzed-sentence-1889.txt,Neutral
analyzed-sentence-1890.txt,Neutral
analyzed-sentence-1891.txt,Neutral
analyzed-sentence-1892.txt,Neutral
analyzed-sentence-1893.txt,Neutral
analyzed-sentence-1894.txt,Negative
analyzed-sentence-1895.txt,Negative
analyzed-sentence-1896.txt,Negative
analyzed-sentence-1897.txt,Negative
analyzed-sentence-1898.txt,Neutral
analyzed-sentence-1899.txt,Negative
analyzed-sentence-1900.txt,Neutral
analyzed-sentence-1901.txt,Neutral
analyzed-sentence-1902.txt,Neutral
analyzed-sentence-1903.txt,Negative
analyzed-sentence-1904.txt,Negative
analyzed-sentence-1905.txt,Positive
analyzed-sentence-1906.txt,Negative
analyzed-sentence-1907.txt,Neutral
analyzed-sentence-1908.txt,Negative
analyzed-sentence-1909.txt,Negative
analyzed-sentence-1910.txt,Negative
analyzed-sentence-1911.txt,Negative
analyzed-sentence-1912.txt,Neutral
analyzed-sentence-1913.txt,Negative
analyzed-sentence-1914.txt,Negative
analyzed-sentence-1915.txt,Negative
analyzed-sentence-1916.txt,Negative
analyzed-sentence-1917.txt,Neutral
analyzed-sentence-1918.txt,Negative
analyzed-sentence-1919.txt,Neutral
analyzed-sentence-1920.txt,Neutral
analyzed-sentence-1921.txt,Neutral
analyzed-sentence-1922.txt,Negative
analyzed-sentence-1923.txt,Negative
analyzed-sentence-1924.txt,Neutral
analyzed-sentence-1925.txt,Neutral
analyzed-sentence-1926.txt,Neutral
analyzed-sentence-1927.txt,Neutral
analyzed-sentence-1928.txt,Neutral
analyzed-sentence-1929.txt,Neutral
analyzed-sentence-1930.txt,Negative
analyzed-sentence-1931.txt,Negative
analyzed-sentence-1932.txt,Negative
analyzed-sentence-1933.txt,Negative
analyzed-sentence-1934.txt,Negative
analyzed-sentence-1935.txt,Neutral
analyzed-sentence-1936.txt,Neutral
analyzed-sentence-1937.txt,Neutral
analyzed-sentence-1938.txt,Neutral
analyzed-sentence-1939.txt,Negative
analyzed-sentence-1940.txt,Neutral
analyzed-sentence-1941.txt,Negative
analyzed-sentence-1942.txt,Negative
analyzed-sentence-1943.txt,Negative
analyzed-sentence-1944.txt,Negative
analyzed-sentence-1945.txt,Neutral
analyzed-sentence-1946.txt,Neutral
analyzed-sentence-1947.txt,Negative
analyzed-sentence-1948.txt,Negative
analyzed-sentence-1949.txt,Negative
analyzed-sentence-1950.txt,Neutral
analyzed-sentence-1951.txt,Negative
analyzed-sentence-1952.txt,Negative
analyzed-sentence-1953.txt,Neutral
analyzed-sentence-1954.txt,Positive
analyzed-sentence-1955.txt,Negative
analyzed-sentence-1956.txt,Positive
analyzed-sentence-1957.txt,Negative
analyzed-sentence-1958.txt,Negative
analyzed-sentence-1959.txt,Negative
analyzed-sentence-1960.txt,Negative
analyzed-sentence-1961.txt,Negative
analyzed-sentence-1962.txt,Neutral
analyzed-sentence-1963.txt,Neutral
analyzed-sentence-1964.txt,Positive
analyzed-sentence-1965.txt,Neutral
analyzed-sentence-1966.txt,Neutral
analyzed-sentence-1967.txt,Neutral
analyzed-sentence-1968.txt,Neutral
analyzed-sentence-1969.txt,Negative
analyzed-sentence-1970.txt,Negative
analyzed-sentence-1971.txt,Negative
analyzed-sentence-1972.txt,Neutral
analyzed-sentence-1973.txt,Negative
analyzed-sentence-1974.txt,Negative
analyzed-sentence-1975.txt,Neutral
analyzed-sentence-1976.txt,Positive
analyzed-sentence-1977.txt,Negative
analyzed-sentence-1978.txt,Neutral
analyzed-sentence-1979.txt,Neutral
analyzed-sentence-1980.txt,Neutral
analyzed-sentence-1981.txt,Negative
analyzed-sentence-1982.txt,Negative
analyzed-sentence-1983.txt,Negative
analyzed-sentence-1984.txt,Negative
analyzed-sentence-1985.txt,Negative
analyzed-sentence-1986.txt,Negative
analyzed-sentence-1987.txt,Negative
analyzed-sentence-1988.txt,Negative
analyzed-sentence-1989.txt,Negative
analyzed-sentence-1990.txt,Negative
analyzed-sentence-1991.txt,Negative
analyzed-sentence-1992.txt,Negative
analyzed-sentence-1993.txt,Negative
analyzed-sentence-1994.txt,Neutral
analyzed-sentence-1995.txt,Neutral
analyzed-sentence-1996.txt,Neutral
analyzed-sentence-1997.txt,Negative
analyzed-sentence-1998.txt,Negative
analyzed-sentence-1999.txt,Neutral
analyzed-sentence-2000.txt,Negative
analyzed-sentence-2001.txt,Negative
analyzed-sentence-2002.txt,Neutral
analyzed-sentence-2003.txt,Neutral
analyzed-sentence-2004.txt,Negative
analyzed-sentence-2005.txt,Negative
analyzed-sentence-2006.txt,Negative
analyzed-sentence-2007.txt,Negative
analyzed-sentence-2008.txt,Negative
analyzed-sentence-2009.txt,Negative
analyzed-sentence-2010.txt,Neutral
analyzed-sentence-2011.txt,Neutral
analyzed-sentence-2012.txt,Negative
analyzed-sentence-2013.txt,Negative
analyzed-sentence-2014.txt,Negative
analyzed-sentence-2015.txt,Negative
analyzed-sentence-2016.txt,Negative
analyzed-sentence-2017.txt,Negative
analyzed-sentence-2018.txt,Neutral
analyzed-sentence-2019.txt,Negative
analyzed-sentence-2020.txt,Negative
analyzed-sentence-2021.txt,Negative
analyzed-sentence-2022.txt,Neutral
analyzed-sentence-2023.txt,Negative
analyzed-sentence-2024.txt,Negative
analyzed-sentence-2025.txt,Positive
analyzed-sentence-2026.txt,Negative
analyzed-sentence-2027.txt,Neutral
analyzed-sentence-2028.txt,Neutral
analyzed-sentence-2029.txt,Neutral
